image_id,hash_method,attack_type,target_image_id,target_hash_hex,step,elapsed_ms,target_dist_raw,target_dist_norm,best_target_dist_norm,l2,linf,ssim,success,source_path,target_path
__HYPERPARAMS__,pdq,collision_whitebox_pdq_exact_smoketest,,,0,,,,,,,,,source=./inputs/pdq_subset_10; target_hashset=/home/exouser/ar-sec-eval/dataset_hashes/imagenette_train_pdq_hashes.csv; lr=0.002; opt=Adam; ssim_w=5.0; temperature=20.0; max_steps=50; target_hamming_T=0.0; threads=1; target_selection=nearest_distinct_hash; surrogate_median=source,
n01440764_n01440764_8052,pdq,collision_whitebox_pdq_exact_smoketest,n03000684_2797,c934e6cf5a9fd9f2654d7b06989c0cda3f69033cc616e82a27a540d4f0c83737,1,173.416,100.0,0.390625,0.390625,0.0,0.0,0.0,0,./inputs/pdq_subset_10/n01440764_n01440764_8052.jpeg,data/imagenette2-320/train/n03000684/n03000684_2797.JPEG
n01440764_n01440764_8052,pdq,collision_whitebox_pdq_exact_smoketest,n03000684_2797,c934e6cf5a9fd9f2654d7b06989c0cda3f69033cc616e82a27a540d4f0c83737,2,464.201,100.0,0.390625,0.390625,2.164503335952759,0.003921598196029663,0.9995473027229309,0,./inputs/pdq_subset_10/n01440764_n01440764_8052.jpeg,data/imagenette2-320/train/n03000684/n03000684_2797.JPEG
n01440764_n01440764_8052,pdq,collision_whitebox_pdq_exact_smoketest,n03000684_2797,c934e6cf5a9fd9f2654d7b06989c0cda3f69033cc616e82a27a540d4f0c83737,3,579.732,100.0,0.390625,0.390625,2.2700259685516357,0.003921598196029663,0.9994949698448181,0,./inputs/pdq_subset_10/n01440764_n01440764_8052.jpeg,data/imagenette2-320/train/n03000684/n03000684_2797.JPEG
n01440764_n01440764_8052,pdq,collision_whitebox_pdq_exact_smoketest,n03000684_2797,c934e6cf5a9fd9f2654d7b06989c0cda3f69033cc616e82a27a540d4f0c83737,4,687.898,100.0,0.390625,0.390625,2.2737252712249756,0.003921598196029663,0.9994984269142151,0,./inputs/pdq_subset_10/n01440764_n01440764_8052.jpeg,data/imagenette2-320/train/n03000684/n03000684_2797.JPEG
n01440764_n01440764_8052,pdq,collision_whitebox_pdq_exact_smoketest,n03000684_2797,c934e6cf5a9fd9f2654d7b06989c0cda3f69033cc616e82a27a540d4f0c83737,5,761.309,100.0,0.390625,0.390625,2.2817294597625732,0.003921598196029663,0.9994987845420837,0,./inputs/pdq_subset_10/n01440764_n01440764_8052.jpeg,data/imagenette2-320/train/n03000684/n03000684_2797.JPEG
n01440764_n01440764_8052,pdq,collision_whitebox_pdq_exact_smoketest,n03000684_2797,c934e6cf5a9fd9f2654d7b06989c0cda3f69033cc616e82a27a540d4f0c83737,6,870.277,98.0,0.3828125,0.3828125,4.011887073516846,0.007843166589736938,0.9989147782325745,0,./inputs/pdq_subset_10/n01440764_n01440764_8052.jpeg,data/imagenette2-320/train/n03000684/n03000684_2797.JPEG
n01440764_n01440764_8052,pdq,collision_whitebox_pdq_exact_smoketest,n03000684_2797,c934e6cf5a9fd9f2654d7b06989c0cda3f69033cc616e82a27a540d4f0c83737,7,978.937,98.0,0.3828125,0.3828125,4.2817583084106445,0.007843166589736938,0.9986836314201355,0,./inputs/pdq_subset_10/n01440764_n01440764_8052.jpeg,data/imagenette2-320/train/n03000684/n03000684_2797.JPEG
n01440764_n01440764_8052,pdq,collision_whitebox_pdq_exact_smoketest,n03000684_2797,c934e6cf5a9fd9f2654d7b06989c0cda3f69033cc616e82a27a540d4f0c83737,8,1083.563,98.0,0.3828125,0.3828125,4.329397678375244,0.007843166589736938,0.9986280798912048,0,./inputs/pdq_subset_10/n01440764_n01440764_8052.jpeg,data/imagenette2-320/train/n03000684/n03000684_2797.JPEG
n01440764_n01440764_8052,pdq,collision_whitebox_pdq_exact_smoketest,n03000684_2797,c934e6cf5a9fd9f2654d7b06989c0cda3f69033cc616e82a27a540d4f0c83737,9,1181.041,98.0,0.3828125,0.3828125,4.361602306365967,0.007843166589736938,0.9985913634300232,0,./inputs/pdq_subset_10/n01440764_n01440764_8052.jpeg,data/imagenette2-320/train/n03000684/n03000684_2797.JPEG
n01440764_n01440764_8052,pdq,collision_whitebox_pdq_exact_smoketest,n03000684_2797,c934e6cf5a9fd9f2654d7b06989c0cda3f69033cc616e82a27a540d4f0c83737,10,1288.642,100.0,0.390625,0.3828125,5.821207523345947,0.011764734983444214,0.9979841113090515,0,./inputs/pdq_subset_10/n01440764_n01440764_8052.jpeg,data/imagenette2-320/train/n03000684/n03000684_2797.JPEG
n01440764_n01440764_8052,pdq,collision_whitebox_pdq_exact_smoketest,n03000684_2797,c934e6cf5a9fd9f2654d7b06989c0cda3f69033cc616e82a27a540d4f0c83737,11,1389.214,100.0,0.390625,0.3828125,6.19791841506958,0.011764734983444214,0.9976282119750977,0,./inputs/pdq_subset_10/n01440764_n01440764_8052.jpeg,data/imagenette2-320/train/n03000684/n03000684_2797.JPEG
n01440764_n01440764_8052,pdq,collision_whitebox_pdq_exact_smoketest,n03000684_2797,c934e6cf5a9fd9f2654d7b06989c0cda3f69033cc616e82a27a540d4f0c83737,12,1485.744,100.0,0.390625,0.3828125,6.280379772186279,0.011764734983444214,0.9975107908248901,0,./inputs/pdq_subset_10/n01440764_n01440764_8052.jpeg,data/imagenette2-320/train/n03000684/n03000684_2797.JPEG
n01440764_n01440764_8052,pdq,collision_whitebox_pdq_exact_smoketest,n03000684_2797,c934e6cf5a9fd9f2654d7b06989c0cda3f69033cc616e82a27a540d4f0c83737,13,1572.036,100.0,0.390625,0.3828125,6.33113431930542,0.011764734983444214,0.9974349141120911,0,./inputs/pdq_subset_10/n01440764_n01440764_8052.jpeg,data/imagenette2-320/train/n03000684/n03000684_2797.JPEG
n01440764_n01440764_8052,pdq,collision_whitebox_pdq_exact_smoketest,n03000684_2797,c934e6cf5a9fd9f2654d7b06989c0cda3f69033cc616e82a27a540d4f0c83737,14,1652.822,100.0,0.390625,0.3828125,7.542311191558838,0.01568630337715149,0.9968453645706177,0,./inputs/pdq_subset_10/n01440764_n01440764_8052.jpeg,data/imagenette2-320/train/n03000684/n03000684_2797.JPEG
n01440764_n01440764_8052,pdq,collision_whitebox_pdq_exact_smoketest,n03000684_2797,c934e6cf5a9fd9f2654d7b06989c0cda3f69033cc616e82a27a540d4f0c83737,15,1754.651,102.0,0.3984375,0.3828125,8.02197265625,0.01568630337715149,0.9963982105255127,0,./inputs/pdq_subset_10/n01440764_n01440764_8052.jpeg,data/imagenette2-320/train/n03000684/n03000684_2797.JPEG
n01440764_n01440764_8052,pdq,collision_whitebox_pdq_exact_smoketest,n03000684_2797,c934e6cf5a9fd9f2654d7b06989c0cda3f69033cc616e82a27a540d4f0c83737,16,1851.008,102.0,0.3984375,0.3828125,8.143630981445312,0.01568630337715149,0.9962130188941956,0,./inputs/pdq_subset_10/n01440764_n01440764_8052.jpeg,data/imagenette2-320/train/n03000684/n03000684_2797.JPEG
n01440764_n01440764_8052,pdq,collision_whitebox_pdq_exact_smoketest,n03000684_2797,c934e6cf5a9fd9f2654d7b06989c0cda3f69033cc616e82a27a540d4f0c83737,17,1944.332,102.0,0.3984375,0.3828125,8.217512130737305,0.019607841968536377,0.996088445186615,0,./inputs/pdq_subset_10/n01440764_n01440764_8052.jpeg,data/imagenette2-320/train/n03000684/n03000684_2797.JPEG
n01440764_n01440764_8052,pdq,collision_whitebox_pdq_exact_smoketest,n03000684_2797,c934e6cf5a9fd9f2654d7b06989c0cda3f69033cc616e82a27a540d4f0c83737,18,2049.848,102.0,0.3984375,0.3828125,9.191373825073242,0.019607871770858765,0.995545506477356,0,./inputs/pdq_subset_10/n01440764_n01440764_8052.jpeg,data/imagenette2-320/train/n03000684/n03000684_2797.JPEG
n01440764_n01440764_8052,pdq,collision_whitebox_pdq_exact_smoketest,n03000684_2797,c934e6cf5a9fd9f2654d7b06989c0cda3f69033cc616e82a27a540d4f0c83737,19,2152.62,100.0,0.390625,0.3828125,9.762715339660645,0.019607871770858765,0.9950623512268066,0,./inputs/pdq_subset_10/n01440764_n01440764_8052.jpeg,data/imagenette2-320/train/n03000684/n03000684_2797.JPEG
n01440764_n01440764_8052,pdq,collision_whitebox_pdq_exact_smoketest,n03000684_2797,c934e6cf5a9fd9f2654d7b06989c0cda3f69033cc616e82a27a540d4f0c83737,20,2257.785,100.0,0.390625,0.3828125,9.923739433288574,0.019607871770858765,0.9948174357414246,0,./inputs/pdq_subset_10/n01440764_n01440764_8052.jpeg,data/imagenette2-320/train/n03000684/n03000684_2797.JPEG
n01440764_n01440764_8052,pdq,collision_whitebox_pdq_exact_smoketest,n03000684_2797,c934e6cf5a9fd9f2654d7b06989c0cda3f69033cc616e82a27a540d4f0c83737,21,2359.679,100.0,0.390625,0.3828125,10.03292179107666,0.02352944016456604,0.99463951587677,0,./inputs/pdq_subset_10/n01440764_n01440764_8052.jpeg,data/imagenette2-320/train/n03000684/n03000684_2797.JPEG
n01440764_n01440764_8052,pdq,collision_whitebox_pdq_exact_smoketest,n03000684_2797,c934e6cf5a9fd9f2654d7b06989c0cda3f69033cc616e82a27a540d4f0c83737,22,2427.347,100.0,0.390625,0.3828125,10.807960510253906,0.02352944016456604,0.994110107421875,0,./inputs/pdq_subset_10/n01440764_n01440764_8052.jpeg,data/imagenette2-320/train/n03000684/n03000684_2797.JPEG
n01440764_n01440764_8052,pdq,collision_whitebox_pdq_exact_smoketest,n03000684_2797,c934e6cf5a9fd9f2654d7b06989c0cda3f69033cc616e82a27a540d4f0c83737,23,2496.292,102.0,0.3984375,0.3828125,11.4271879196167,0.02352944016456604,0.9935930967330933,0,./inputs/pdq_subset_10/n01440764_n01440764_8052.jpeg,data/imagenette2-320/train/n03000684/n03000684_2797.JPEG
n01440764_n01440764_8052,pdq,collision_whitebox_pdq_exact_smoketest,n03000684_2797,c934e6cf5a9fd9f2654d7b06989c0cda3f69033cc616e82a27a540d4f0c83737,24,2600.307,102.0,0.3984375,0.3828125,11.631257057189941,0.027451008558273315,0.9932931661605835,0,./inputs/pdq_subset_10/n01440764_n01440764_8052.jpeg,data/imagenette2-320/train/n03000684/n03000684_2797.JPEG
n01440764_n01440764_8052,pdq,collision_whitebox_pdq_exact_smoketest,n03000684_2797,c934e6cf5a9fd9f2654d7b06989c0cda3f69033cc616e82a27a540d4f0c83737,25,2698.786,102.0,0.3984375,0.3828125,11.777796745300293,0.027451008558273315,0.9930568337440491,0,./inputs/pdq_subset_10/n01440764_n01440764_8052.jpeg,data/imagenette2-320/train/n03000684/n03000684_2797.JPEG
n01440764_n01440764_8052,pdq,collision_whitebox_pdq_exact_smoketest,n03000684_2797,c934e6cf5a9fd9f2654d7b06989c0cda3f69033cc616e82a27a540d4f0c83737,26,2764.549,100.0,0.390625,0.3828125,12.40742015838623,0.027451008558273315,0.9925486445426941,0,./inputs/pdq_subset_10/n01440764_n01440764_8052.jpeg,data/imagenette2-320/train/n03000684/n03000684_2797.JPEG
n01440764_n01440764_8052,pdq,collision_whitebox_pdq_exact_smoketest,n03000684_2797,c934e6cf5a9fd9f2654d7b06989c0cda3f69033cc616e82a27a540d4f0c83737,27,2863.941,100.0,0.390625,0.3828125,13.003995895385742,0.0313725471496582,0.9920443296432495,0,./inputs/pdq_subset_10/n01440764_n01440764_8052.jpeg,data/imagenette2-320/train/n03000684/n03000684_2797.JPEG
n01440764_n01440764_8052,pdq,collision_whitebox_pdq_exact_smoketest,n03000684_2797,c934e6cf5a9fd9f2654d7b06989c0cda3f69033cc616e82a27a540d4f0c83737,28,2970.37,100.0,0.390625,0.3828125,13.269021034240723,0.03137257695198059,0.9916959404945374,0,./inputs/pdq_subset_10/n01440764_n01440764_8052.jpeg,data/imagenette2-320/train/n03000684/n03000684_2797.JPEG
n01440764_n01440764_8052,pdq,collision_whitebox_pdq_exact_smoketest,n03000684_2797,c934e6cf5a9fd9f2654d7b06989c0cda3f69033cc616e82a27a540d4f0c83737,29,3086.517,100.0,0.390625,0.3828125,13.454154014587402,0.03137257695198059,0.9914049506187439,0,./inputs/pdq_subset_10/n01440764_n01440764_8052.jpeg,data/imagenette2-320/train/n03000684/n03000684_2797.JPEG
n01440764_n01440764_8052,pdq,collision_whitebox_pdq_exact_smoketest,n03000684_2797,c934e6cf5a9fd9f2654d7b06989c0cda3f69033cc616e82a27a540d4f0c83737,30,3202.725,100.0,0.390625,0.3828125,13.969083786010742,0.03137257695198059,0.9909240007400513,0,./inputs/pdq_subset_10/n01440764_n01440764_8052.jpeg,data/imagenette2-320/train/n03000684/n03000684_2797.JPEG
n01440764_n01440764_8052,pdq,collision_whitebox_pdq_exact_smoketest,n03000684_2797,c934e6cf5a9fd9f2654d7b06989c0cda3f69033cc616e82a27a540d4f0c83737,31,3314.02,100.0,0.390625,0.3828125,14.523634910583496,0.035294145345687866,0.9904186725616455,0,./inputs/pdq_subset_10/n01440764_n01440764_8052.jpeg,data/imagenette2-320/train/n03000684/n03000684_2797.JPEG
n01440764_n01440764_8052,pdq,collision_whitebox_pdq_exact_smoketest,n03000684_2797,c934e6cf5a9fd9f2654d7b06989c0cda3f69033cc616e82a27a540d4f0c83737,32,3425.435,98.0,0.3828125,0.3828125,14.830609321594238,0.035294145345687866,0.99002605676651,0,./inputs/pdq_subset_10/n01440764_n01440764_8052.jpeg,data/imagenette2-320/train/n03000684/n03000684_2797.JPEG
n01440764_n01440764_8052,pdq,collision_whitebox_pdq_exact_smoketest,n03000684_2797,c934e6cf5a9fd9f2654d7b06989c0cda3f69033cc616e82a27a540d4f0c83737,33,3511.348,100.0,0.390625,0.3828125,15.056187629699707,0.035294145345687866,0.9896888732910156,0,./inputs/pdq_subset_10/n01440764_n01440764_8052.jpeg,data/imagenette2-320/train/n03000684/n03000684_2797.JPEG
n01440764_n01440764_8052,pdq,collision_whitebox_pdq_exact_smoketest,n03000684_2797,c934e6cf5a9fd9f2654d7b06989c0cda3f69033cc616e82a27a540d4f0c83737,34,3623.805,98.0,0.3828125,0.3828125,15.501842498779297,0.03921571373939514,0.9892058968544006,0,./inputs/pdq_subset_10/n01440764_n01440764_8052.jpeg,data/imagenette2-320/train/n03000684/n03000684_2797.JPEG
n01440764_n01440764_8052,pdq,collision_whitebox_pdq_exact_smoketest,n03000684_2797,c934e6cf5a9fd9f2654d7b06989c0cda3f69033cc616e82a27a540d4f0c83737,35,3717.743,98.0,0.3828125,0.3828125,16.004993438720703,0.03921571373939514,0.9886975884437561,0,./inputs/pdq_subset_10/n01440764_n01440764_8052.jpeg,data/imagenette2-320/train/n03000684/n03000684_2797.JPEG
n01440764_n01440764_8052,pdq,collision_whitebox_pdq_exact_smoketest,n03000684_2797,c934e6cf5a9fd9f2654d7b06989c0cda3f69033cc616e82a27a540d4f0c83737,36,3806.08,100.0,0.390625,0.3828125,16.32928466796875,0.04313725233078003,0.9882875680923462,0,./inputs/pdq_subset_10/n01440764_n01440764_8052.jpeg,data/imagenette2-320/train/n03000684/n03000684_2797.JPEG
n01440764_n01440764_8052,pdq,collision_whitebox_pdq_exact_smoketest,n03000684_2797,c934e6cf5a9fd9f2654d7b06989c0cda3f69033cc616e82a27a540d4f0c83737,37,3955.913,98.0,0.3828125,0.3828125,16.589420318603516,0.04313728213310242,0.987903892993927,0,./inputs/pdq_subset_10/n01440764_n01440764_8052.jpeg,data/imagenette2-320/train/n03000684/n03000684_2797.JPEG
n01440764_n01440764_8052,pdq,collision_whitebox_pdq_exact_smoketest,n03000684_2797,c934e6cf5a9fd9f2654d7b06989c0cda3f69033cc616e82a27a540d4f0c83737,38,4081.902,98.0,0.3828125,0.3828125,16.99018096923828,0.04313728213310242,0.9874306321144104,0,./inputs/pdq_subset_10/n01440764_n01440764_8052.jpeg,data/imagenette2-320/train/n03000684/n03000684_2797.JPEG
n01440764_n01440764_8052,pdq,collision_whitebox_pdq_exact_smoketest,n03000684_2797,c934e6cf5a9fd9f2654d7b06989c0cda3f69033cc616e82a27a540d4f0c83737,39,4186.957,100.0,0.390625,0.3828125,17.43267250061035,0.047058820724487305,0.9869368672370911,0,./inputs/pdq_subset_10/n01440764_n01440764_8052.jpeg,data/imagenette2-320/train/n03000684/n03000684_2797.JPEG
n01440764_n01440764_8052,pdq,collision_whitebox_pdq_exact_smoketest,n03000684_2797,c934e6cf5a9fd9f2654d7b06989c0cda3f69033cc616e82a27a540d4f0c83737,40,4292.018,100.0,0.390625,0.3828125,17.773937225341797,0.04705885052680969,0.9864974021911621,0,./inputs/pdq_subset_10/n01440764_n01440764_8052.jpeg,data/imagenette2-320/train/n03000684/n03000684_2797.JPEG
n01440764_n01440764_8052,pdq,collision_whitebox_pdq_exact_smoketest,n03000684_2797,c934e6cf5a9fd9f2654d7b06989c0cda3f69033cc616e82a27a540d4f0c83737,41,4358.264,100.0,0.390625,0.3828125,18.05326271057129,0.04705885052680969,0.9860882759094238,0,./inputs/pdq_subset_10/n01440764_n01440764_8052.jpeg,data/imagenette2-320/train/n03000684/n03000684_2797.JPEG
n01440764_n01440764_8052,pdq,collision_whitebox_pdq_exact_smoketest,n03000684_2797,c934e6cf5a9fd9f2654d7b06989c0cda3f69033cc616e82a27a540d4f0c83737,42,4440.176,100.0,0.390625,0.3828125,18.421598434448242,0.05098038911819458,0.985603928565979,0,./inputs/pdq_subset_10/n01440764_n01440764_8052.jpeg,data/imagenette2-320/train/n03000684/n03000684_2797.JPEG
n01440764_n01440764_8052,pdq,collision_whitebox_pdq_exact_smoketest,n03000684_2797,c934e6cf5a9fd9f2654d7b06989c0cda3f69033cc616e82a27a540d4f0c83737,43,4511.389,102.0,0.3984375,0.3828125,18.82059669494629,0.05098041892051697,0.9851133227348328,0,./inputs/pdq_subset_10/n01440764_n01440764_8052.jpeg,data/imagenette2-320/train/n03000684/n03000684_2797.JPEG
n01440764_n01440764_8052,pdq,collision_whitebox_pdq_exact_smoketest,n03000684_2797,c934e6cf5a9fd9f2654d7b06989c0cda3f69033cc616e82a27a540d4f0c83737,44,4618.138,102.0,0.3984375,0.3828125,19.162212371826172,0.05098041892051697,0.9846489429473877,0,./inputs/pdq_subset_10/n01440764_n01440764_8052.jpeg,data/imagenette2-320/train/n03000684/n03000684_2797.JPEG
n01440764_n01440764_8052,pdq,collision_whitebox_pdq_exact_smoketest,n03000684_2797,c934e6cf5a9fd9f2654d7b06989c0cda3f69033cc616e82a27a540d4f0c83737,45,4684.661,102.0,0.3984375,0.3828125,19.460508346557617,0.054901957511901855,0.9842125773429871,0,./inputs/pdq_subset_10/n01440764_n01440764_8052.jpeg,data/imagenette2-320/train/n03000684/n03000684_2797.JPEG
n01440764_n01440764_8052,pdq,collision_whitebox_pdq_exact_smoketest,n03000684_2797,c934e6cf5a9fd9f2654d7b06989c0cda3f69033cc616e82a27a540d4f0c83737,46,4789.543,102.0,0.3984375,0.3828125,19.802038192749023,0.05490198731422424,0.9837365746498108,0,./inputs/pdq_subset_10/n01440764_n01440764_8052.jpeg,data/imagenette2-320/train/n03000684/n03000684_2797.JPEG
n01440764_n01440764_8052,pdq,collision_whitebox_pdq_exact_smoketest,n03000684_2797,c934e6cf5a9fd9f2654d7b06989c0cda3f69033cc616e82a27a540d4f0c83737,47,4910.463,104.0,0.40625,0.3828125,20.163421630859375,0.05490198731422424,0.9832572937011719,0,./inputs/pdq_subset_10/n01440764_n01440764_8052.jpeg,data/imagenette2-320/train/n03000684/n03000684_2797.JPEG
n01440764_n01440764_8052,pdq,collision_whitebox_pdq_exact_smoketest,n03000684_2797,c934e6cf5a9fd9f2654d7b06989c0cda3f69033cc616e82a27a540d4f0c83737,48,5028.132,104.0,0.40625,0.3828125,20.499073028564453,0.05882352590560913,0.9827904105186462,0,./inputs/pdq_subset_10/n01440764_n01440764_8052.jpeg,data/imagenette2-320/train/n03000684/n03000684_2797.JPEG
n01440764_n01440764_8052,pdq,collision_whitebox_pdq_exact_smoketest,n03000684_2797,c934e6cf5a9fd9f2654d7b06989c0cda3f69033cc616e82a27a540d4f0c83737,49,5136.812,104.0,0.40625,0.3828125,20.80939483642578,0.05882355570793152,0.9823276996612549,0,./inputs/pdq_subset_10/n01440764_n01440764_8052.jpeg,data/imagenette2-320/train/n03000684/n03000684_2797.JPEG
n01440764_n01440764_8052,pdq,collision_whitebox_pdq_exact_smoketest,n03000684_2797,c934e6cf5a9fd9f2654d7b06989c0cda3f69033cc616e82a27a540d4f0c83737,50,5245.203,102.0,0.3984375,0.3828125,21.142078399658203,0.0627450942993164,0.9818468689918518,0,./inputs/pdq_subset_10/n01440764_n01440764_8052.jpeg,data/imagenette2-320/train/n03000684/n03000684_2797.JPEG
n02102040_n02102040_1592,pdq,collision_whitebox_pdq_exact_smoketest,n03394916_45969,c850018ebdc3cc3919beb9d18581072fbde1f00f03fc27a1fe36815e1beed8e1,1,6.233,98.0,0.3828125,0.3828125,0.0,0.0,0.0,0,./inputs/pdq_subset_10/n02102040_n02102040_1592.jpeg,data/imagenette2-320/train/n03394916/n03394916_45969.JPEG
n02102040_n02102040_1592,pdq,collision_whitebox_pdq_exact_smoketest,n03394916_45969,c850018ebdc3cc3919beb9d18581072fbde1f00f03fc27a1fe36815e1beed8e1,2,86.364,102.0,0.3984375,0.3828125,2.109621524810791,0.003921598196029663,0.9986311793327332,0,./inputs/pdq_subset_10/n02102040_n02102040_1592.jpeg,data/imagenette2-320/train/n03394916/n03394916_45969.JPEG
n02102040_n02102040_1592,pdq,collision_whitebox_pdq_exact_smoketest,n03394916_45969,c850018ebdc3cc3919beb9d18581072fbde1f00f03fc27a1fe36815e1beed8e1,3,154.374,102.0,0.3984375,0.3828125,2.2259178161621094,0.003921598196029663,0.9985485076904297,0,./inputs/pdq_subset_10/n02102040_n02102040_1592.jpeg,data/imagenette2-320/train/n03394916/n03394916_45969.JPEG
n02102040_n02102040_1592,pdq,collision_whitebox_pdq_exact_smoketest,n03394916_45969,c850018ebdc3cc3919beb9d18581072fbde1f00f03fc27a1fe36815e1beed8e1,4,263.334,102.0,0.3984375,0.3828125,2.2306764125823975,0.003921598196029663,0.9985400438308716,0,./inputs/pdq_subset_10/n02102040_n02102040_1592.jpeg,data/imagenette2-320/train/n03394916/n03394916_45969.JPEG
n02102040_n02102040_1592,pdq,collision_whitebox_pdq_exact_smoketest,n03394916_45969,c850018ebdc3cc3919beb9d18581072fbde1f00f03fc27a1fe36815e1beed8e1,5,367.501,102.0,0.3984375,0.3828125,2.24499773979187,0.003921598196029663,0.9985141754150391,0,./inputs/pdq_subset_10/n02102040_n02102040_1592.jpeg,data/imagenette2-320/train/n03394916/n03394916_45969.JPEG
n02102040_n02102040_1592,pdq,collision_whitebox_pdq_exact_smoketest,n03394916_45969,c850018ebdc3cc3919beb9d18581072fbde1f00f03fc27a1fe36815e1beed8e1,6,479.612,104.0,0.40625,0.3828125,3.818941354751587,0.007843166589736938,0.9960564374923706,0,./inputs/pdq_subset_10/n02102040_n02102040_1592.jpeg,data/imagenette2-320/train/n03394916/n03394916_45969.JPEG
n02102040_n02102040_1592,pdq,collision_whitebox_pdq_exact_smoketest,n03394916_45969,c850018ebdc3cc3919beb9d18581072fbde1f00f03fc27a1fe36815e1beed8e1,7,592.042,104.0,0.40625,0.3828125,4.138607978820801,0.007843166589736938,0.9955198764801025,0,./inputs/pdq_subset_10/n02102040_n02102040_1592.jpeg,data/imagenette2-320/train/n03394916/n03394916_45969.JPEG
n02102040_n02102040_1592,pdq,collision_whitebox_pdq_exact_smoketest,n03394916_45969,c850018ebdc3cc3919beb9d18581072fbde1f00f03fc27a1fe36815e1beed8e1,8,692.031,104.0,0.40625,0.3828125,4.196624279022217,0.007843166589736938,0.9953584671020508,0,./inputs/pdq_subset_10/n02102040_n02102040_1592.jpeg,data/imagenette2-320/train/n03394916/n03394916_45969.JPEG
n02102040_n02102040_1592,pdq,collision_whitebox_pdq_exact_smoketest,n03394916_45969,c850018ebdc3cc3919beb9d18581072fbde1f00f03fc27a1fe36815e1beed8e1,9,785.016,104.0,0.40625,0.3828125,4.236969470977783,0.007843166589736938,0.9952247142791748,0,./inputs/pdq_subset_10/n02102040_n02102040_1592.jpeg,data/imagenette2-320/train/n03394916/n03394916_45969.JPEG
n02102040_n02102040_1592,pdq,collision_whitebox_pdq_exact_smoketest,n03394916_45969,c850018ebdc3cc3919beb9d18581072fbde1f00f03fc27a1fe36815e1beed8e1,10,851.375,104.0,0.40625,0.3828125,5.474720478057861,0.011764734983444214,0.9921734929084778,0,./inputs/pdq_subset_10/n02102040_n02102040_1592.jpeg,data/imagenette2-320/train/n03394916/n03394916_45969.JPEG
n02102040_n02102040_1592,pdq,collision_whitebox_pdq_exact_smoketest,n03394916_45969,c850018ebdc3cc3919beb9d18581072fbde1f00f03fc27a1fe36815e1beed8e1,11,918.276,104.0,0.40625,0.3828125,5.926209926605225,0.011764734983444214,0.991200864315033,0,./inputs/pdq_subset_10/n02102040_n02102040_1592.jpeg,data/imagenette2-320/train/n03394916/n03394916_45969.JPEG
n02102040_n02102040_1592,pdq,collision_whitebox_pdq_exact_smoketest,n03394916_45969,c850018ebdc3cc3919beb9d18581072fbde1f00f03fc27a1fe36815e1beed8e1,12,988.364,104.0,0.40625,0.3828125,6.027646064758301,0.011764734983444214,0.9908751249313354,0,./inputs/pdq_subset_10/n02102040_n02102040_1592.jpeg,data/imagenette2-320/train/n03394916/n03394916_45969.JPEG
n02102040_n02102040_1592,pdq,collision_whitebox_pdq_exact_smoketest,n03394916_45969,c850018ebdc3cc3919beb9d18581072fbde1f00f03fc27a1fe36815e1beed8e1,13,1057.168,104.0,0.40625,0.3828125,6.08880090713501,0.011764734983444214,0.990641176700592,0,./inputs/pdq_subset_10/n02102040_n02102040_1592.jpeg,data/imagenette2-320/train/n03394916/n03394916_45969.JPEG
n02102040_n02102040_1592,pdq,collision_whitebox_pdq_exact_smoketest,n03394916_45969,c850018ebdc3cc3919beb9d18581072fbde1f00f03fc27a1fe36815e1beed8e1,14,1162.457,104.0,0.40625,0.3828125,7.062328815460205,0.01568630337715149,0.9874173998832703,0,./inputs/pdq_subset_10/n02102040_n02102040_1592.jpeg,data/imagenette2-320/train/n03394916/n03394916_45969.JPEG
n02102040_n02102040_1592,pdq,collision_whitebox_pdq_exact_smoketest,n03394916_45969,c850018ebdc3cc3919beb9d18581072fbde1f00f03fc27a1fe36815e1beed8e1,15,1232.443,104.0,0.40625,0.3828125,7.584717750549316,0.01568630337715149,0.9861095547676086,0,./inputs/pdq_subset_10/n02102040_n02102040_1592.jpeg,data/imagenette2-320/train/n03394916/n03394916_45969.JPEG
n02102040_n02102040_1592,pdq,collision_whitebox_pdq_exact_smoketest,n03394916_45969,c850018ebdc3cc3919beb9d18581072fbde1f00f03fc27a1fe36815e1beed8e1,16,1344.143,104.0,0.40625,0.3828125,7.729067325592041,0.01568630337715149,0.9856003522872925,0,./inputs/pdq_subset_10/n02102040_n02102040_1592.jpeg,data/imagenette2-320/train/n03394916/n03394916_45969.JPEG
n02102040_n02102040_1592,pdq,collision_whitebox_pdq_exact_smoketest,n03394916_45969,c850018ebdc3cc3919beb9d18581072fbde1f00f03fc27a1fe36815e1beed8e1,17,1463.074,104.0,0.40625,0.3828125,7.815854072570801,0.019607871770858765,0.985268771648407,0,./inputs/pdq_subset_10/n02102040_n02102040_1592.jpeg,data/imagenette2-320/train/n03394916/n03394916_45969.JPEG
n02102040_n02102040_1592,pdq,collision_whitebox_pdq_exact_smoketest,n03394916_45969,c850018ebdc3cc3919beb9d18581072fbde1f00f03fc27a1fe36815e1beed8e1,18,1595.212,104.0,0.40625,0.3828125,8.596888542175293,0.019607871770858765,0.9823178648948669,0,./inputs/pdq_subset_10/n02102040_n02102040_1592.jpeg,data/imagenette2-320/train/n03394916/n03394916_45969.JPEG
n02102040_n02102040_1592,pdq,collision_whitebox_pdq_exact_smoketest,n03394916_45969,c850018ebdc3cc3919beb9d18581072fbde1f00f03fc27a1fe36815e1beed8e1,19,1689.159,106.0,0.4140625,0.3828125,9.140654563903809,0.019607871770858765,0.9807313084602356,0,./inputs/pdq_subset_10/n02102040_n02102040_1592.jpeg,data/imagenette2-320/train/n03394916/n03394916_45969.JPEG
n02102040_n02102040_1592,pdq,collision_whitebox_pdq_exact_smoketest,n03394916_45969,c850018ebdc3cc3919beb9d18581072fbde1f00f03fc27a1fe36815e1beed8e1,20,1758.688,106.0,0.4140625,0.3828125,9.32094955444336,0.019607871770858765,0.9800648093223572,0,./inputs/pdq_subset_10/n02102040_n02102040_1592.jpeg,data/imagenette2-320/train/n03394916/n03394916_45969.JPEG
n02102040_n02102040_1592,pdq,collision_whitebox_pdq_exact_smoketest,n03394916_45969,c850018ebdc3cc3919beb9d18581072fbde1f00f03fc27a1fe36815e1beed8e1,21,1873.747,106.0,0.4140625,0.3828125,9.438389778137207,0.02352944016456604,0.9796118140220642,0,./inputs/pdq_subset_10/n02102040_n02102040_1592.jpeg,data/imagenette2-320/train/n03394916/n03394916_45969.JPEG
n02102040_n02102040_1592,pdq,collision_whitebox_pdq_exact_smoketest,n03394916_45969,c850018ebdc3cc3919beb9d18581072fbde1f00f03fc27a1fe36815e1beed8e1,22,1984.806,106.0,0.4140625,0.3828125,10.06763744354248,0.02352944016456604,0.9772516489028931,0,./inputs/pdq_subset_10/n02102040_n02102040_1592.jpeg,data/imagenette2-320/train/n03394916/n03394916_45969.JPEG
n02102040_n02102040_1592,pdq,collision_whitebox_pdq_exact_smoketest,n03394916_45969,c850018ebdc3cc3919beb9d18581072fbde1f00f03fc27a1fe36815e1beed8e1,23,2105.211,108.0,0.421875,0.3828125,10.603805541992188,0.02352944016456604,0.9753956198692322,0,./inputs/pdq_subset_10/n02102040_n02102040_1592.jpeg,data/imagenette2-320/train/n03394916/n03394916_45969.JPEG
n02102040_n02102040_1592,pdq,collision_whitebox_pdq_exact_smoketest,n03394916_45969,c850018ebdc3cc3919beb9d18581072fbde1f00f03fc27a1fe36815e1beed8e1,24,2177.206,108.0,0.421875,0.3828125,10.82235050201416,0.027451008558273315,0.9746326804161072,0,./inputs/pdq_subset_10/n02102040_n02102040_1592.jpeg,data/imagenette2-320/train/n03394916/n03394916_45969.JPEG
n02102040_n02102040_1592,pdq,collision_whitebox_pdq_exact_smoketest,n03394916_45969,c850018ebdc3cc3919beb9d18581072fbde1f00f03fc27a1fe36815e1beed8e1,25,2247.008,108.0,0.421875,0.3828125,10.970773696899414,0.027451008558273315,0.9740641713142395,0,./inputs/pdq_subset_10/n02102040_n02102040_1592.jpeg,data/imagenette2-320/train/n03394916/n03394916_45969.JPEG
n02102040_n02102040_1592,pdq,collision_whitebox_pdq_exact_smoketest,n03394916_45969,c850018ebdc3cc3919beb9d18581072fbde1f00f03fc27a1fe36815e1beed8e1,26,2317.112,108.0,0.421875,0.3828125,11.483095169067383,0.027451008558273315,0.9721944332122803,0,./inputs/pdq_subset_10/n02102040_n02102040_1592.jpeg,data/imagenette2-320/train/n03394916/n03394916_45969.JPEG
n02102040_n02102040_1592,pdq,collision_whitebox_pdq_exact_smoketest,n03394916_45969,c850018ebdc3cc3919beb9d18581072fbde1f00f03fc27a1fe36815e1beed8e1,27,2430.117,108.0,0.421875,0.3828125,11.994699478149414,0.03137257695198059,0.9703280925750732,0,./inputs/pdq_subset_10/n02102040_n02102040_1592.jpeg,data/imagenette2-320/train/n03394916/n03394916_45969.JPEG
n02102040_n02102040_1592,pdq,collision_whitebox_pdq_exact_smoketest,n03394916_45969,c850018ebdc3cc3919beb9d18581072fbde1f00f03fc27a1fe36815e1beed8e1,28,2539.954,108.0,0.421875,0.3828125,12.2457914352417,0.03137257695198059,0.9694520235061646,0,./inputs/pdq_subset_10/n02102040_n02102040_1592.jpeg,data/imagenette2-320/train/n03394916/n03394916_45969.JPEG
n02102040_n02102040_1592,pdq,collision_whitebox_pdq_exact_smoketest,n03394916_45969,c850018ebdc3cc3919beb9d18581072fbde1f00f03fc27a1fe36815e1beed8e1,29,2650.127,108.0,0.421875,0.3828125,12.430414199829102,0.03137257695198059,0.9687603712081909,0,./inputs/pdq_subset_10/n02102040_n02102040_1592.jpeg,data/imagenette2-320/train/n03394916/n03394916_45969.JPEG
n02102040_n02102040_1592,pdq,collision_whitebox_pdq_exact_smoketest,n03394916_45969,c850018ebdc3cc3919beb9d18581072fbde1f00f03fc27a1fe36815e1beed8e1,30,2758.802,108.0,0.421875,0.3828125,12.858661651611328,0.03137257695198059,0.967219352722168,0,./inputs/pdq_subset_10/n02102040_n02102040_1592.jpeg,data/imagenette2-320/train/n03394916/n03394916_45969.JPEG
n02102040_n02102040_1592,pdq,collision_whitebox_pdq_exact_smoketest,n03394916_45969,c850018ebdc3cc3919beb9d18581072fbde1f00f03fc27a1fe36815e1beed8e1,31,2859.163,108.0,0.421875,0.3828125,13.334630966186523,0.035294145345687866,0.9654588103294373,0,./inputs/pdq_subset_10/n02102040_n02102040_1592.jpeg,data/imagenette2-320/train/n03394916/n03394916_45969.JPEG
n02102040_n02102040_1592,pdq,collision_whitebox_pdq_exact_smoketest,n03394916_45969,c850018ebdc3cc3919beb9d18581072fbde1f00f03fc27a1fe36815e1beed8e1,32,2943.643,106.0,0.4140625,0.3828125,13.608109474182129,0.035294145345687866,0.9644773006439209,0,./inputs/pdq_subset_10/n02102040_n02102040_1592.jpeg,data/imagenette2-320/train/n03394916/n03394916_45969.JPEG
n02102040_n02102040_1592,pdq,collision_whitebox_pdq_exact_smoketest,n03394916_45969,c850018ebdc3cc3919beb9d18581072fbde1f00f03fc27a1fe36815e1beed8e1,33,3014.779,108.0,0.421875,0.3828125,13.821242332458496,0.035294145345687866,0.9636962413787842,0,./inputs/pdq_subset_10/n02102040_n02102040_1592.jpeg,data/imagenette2-320/train/n03394916/n03394916_45969.JPEG
n02102040_n02102040_1592,pdq,collision_whitebox_pdq_exact_smoketest,n03394916_45969,c850018ebdc3cc3919beb9d18581072fbde1f00f03fc27a1fe36815e1beed8e1,34,3117.318,106.0,0.4140625,0.3828125,14.197343826293945,0.03921571373939514,0.962360143661499,0,./inputs/pdq_subset_10/n02102040_n02102040_1592.jpeg,data/imagenette2-320/train/n03394916/n03394916_45969.JPEG
n02102040_n02102040_1592,pdq,collision_whitebox_pdq_exact_smoketest,n03394916_45969,c850018ebdc3cc3919beb9d18581072fbde1f00f03fc27a1fe36815e1beed8e1,35,3193.299,106.0,0.4140625,0.3828125,14.630590438842773,0.03921571373939514,0.9609050154685974,0,./inputs/pdq_subset_10/n02102040_n02102040_1592.jpeg,data/imagenette2-320/train/n03394916/n03394916_45969.JPEG
n02102040_n02102040_1592,pdq,collision_whitebox_pdq_exact_smoketest,n03394916_45969,c850018ebdc3cc3919beb9d18581072fbde1f00f03fc27a1fe36815e1beed8e1,36,3274.244,108.0,0.421875,0.3828125,14.922769546508789,0.03921571373939514,0.9598391056060791,0,./inputs/pdq_subset_10/n02102040_n02102040_1592.jpeg,data/imagenette2-320/train/n03394916/n03394916_45969.JPEG
n02102040_n02102040_1592,pdq,collision_whitebox_pdq_exact_smoketest,n03394916_45969,c850018ebdc3cc3919beb9d18581072fbde1f00f03fc27a1fe36815e1beed8e1,37,3370.412,110.0,0.4296875,0.3828125,15.17300796508789,0.04313728213310242,0.9589380621910095,0,./inputs/pdq_subset_10/n02102040_n02102040_1592.jpeg,data/imagenette2-320/train/n03394916/n03394916_45969.JPEG
n02102040_n02102040_1592,pdq,collision_whitebox_pdq_exact_smoketest,n03394916_45969,c850018ebdc3cc3919beb9d18581072fbde1f00f03fc27a1fe36815e1beed8e1,38,3464.653,110.0,0.4296875,0.3828125,15.52049732208252,0.04313728213310242,0.9577213525772095,0,./inputs/pdq_subset_10/n02102040_n02102040_1592.jpeg,data/imagenette2-320/train/n03394916/n03394916_45969.JPEG
n02102040_n02102040_1592,pdq,collision_whitebox_pdq_exact_smoketest,n03394916_45969,c850018ebdc3cc3919beb9d18581072fbde1f00f03fc27a1fe36815e1beed8e1,39,3574.163,112.0,0.4375,0.3828125,15.91659164428711,0.047058820724487305,0.956394374370575,0,./inputs/pdq_subset_10/n02102040_n02102040_1592.jpeg,data/imagenette2-320/train/n03394916/n03394916_45969.JPEG
n02102040_n02102040_1592,pdq,collision_whitebox_pdq_exact_smoketest,n03394916_45969,c850018ebdc3cc3919beb9d18581072fbde1f00f03fc27a1fe36815e1beed8e1,40,3658.126,112.0,0.4375,0.3828125,16.229623794555664,0.04705885052680969,0.9552764892578125,0,./inputs/pdq_subset_10/n02102040_n02102040_1592.jpeg,data/imagenette2-320/train/n03394916/n03394916_45969.JPEG
n02102040_n02102040_1592,pdq,collision_whitebox_pdq_exact_smoketest,n03394916_45969,c850018ebdc3cc3919beb9d18581072fbde1f00f03fc27a1fe36815e1beed8e1,41,3763.783,112.0,0.4375,0.3828125,16.507761001586914,0.04705885052680969,0.9542487263679504,0,./inputs/pdq_subset_10/n02102040_n02102040_1592.jpeg,data/imagenette2-320/train/n03394916/n03394916_45969.JPEG
n02102040_n02102040_1592,pdq,collision_whitebox_pdq_exact_smoketest,n03394916_45969,c850018ebdc3cc3919beb9d18581072fbde1f00f03fc27a1fe36815e1beed8e1,42,3890.339,112.0,0.4375,0.3828125,16.841848373413086,0.05098041892051697,0.9530682563781738,0,./inputs/pdq_subset_10/n02102040_n02102040_1592.jpeg,data/imagenette2-320/train/n03394916/n03394916_45969.JPEG
n02102040_n02102040_1592,pdq,collision_whitebox_pdq_exact_smoketest,n03394916_45969,c850018ebdc3cc3919beb9d18581072fbde1f00f03fc27a1fe36815e1beed8e1,43,4058.034,110.0,0.4296875,0.3828125,17.208667755126953,0.05098041892051697,0.9517806172370911,0,./inputs/pdq_subset_10/n02102040_n02102040_1592.jpeg,data/imagenette2-320/train/n03394916/n03394916_45969.JPEG
n02102040_n02102040_1592,pdq,collision_whitebox_pdq_exact_smoketest,n03394916_45969,c850018ebdc3cc3919beb9d18581072fbde1f00f03fc27a1fe36815e1beed8e1,44,4175.706,110.0,0.4296875,0.3828125,17.526838302612305,0.05098041892051697,0.9506690502166748,0,./inputs/pdq_subset_10/n02102040_n02102040_1592.jpeg,data/imagenette2-320/train/n03394916/n03394916_45969.JPEG
n02102040_n02102040_1592,pdq,collision_whitebox_pdq_exact_smoketest,n03394916_45969,c850018ebdc3cc3919beb9d18581072fbde1f00f03fc27a1fe36815e1beed8e1,45,4251.843,110.0,0.4296875,0.3828125,17.828350067138672,0.05490198731422424,0.9495875239372253,0,./inputs/pdq_subset_10/n02102040_n02102040_1592.jpeg,data/imagenette2-320/train/n03394916/n03394916_45969.JPEG
n02102040_n02102040_1592,pdq,collision_whitebox_pdq_exact_smoketest,n03394916_45969,c850018ebdc3cc3919beb9d18581072fbde1f00f03fc27a1fe36815e1beed8e1,46,4348.895,110.0,0.4296875,0.3828125,18.15259552001953,0.05490198731422424,0.9484723806381226,0,./inputs/pdq_subset_10/n02102040_n02102040_1592.jpeg,data/imagenette2-320/train/n03394916/n03394916_45969.JPEG
n02102040_n02102040_1592,pdq,collision_whitebox_pdq_exact_smoketest,n03394916_45969,c850018ebdc3cc3919beb9d18581072fbde1f00f03fc27a1fe36815e1beed8e1,47,4446.457,110.0,0.4296875,0.3828125,18.50066566467285,0.05490198731422424,0.9472686648368835,0,./inputs/pdq_subset_10/n02102040_n02102040_1592.jpeg,data/imagenette2-320/train/n03394916/n03394916_45969.JPEG
n02102040_n02102040_1592,pdq,collision_whitebox_pdq_exact_smoketest,n03394916_45969,c850018ebdc3cc3919beb9d18581072fbde1f00f03fc27a1fe36815e1beed8e1,48,4516.536,110.0,0.4296875,0.3828125,18.825149536132812,0.05882355570793152,0.9461267590522766,0,./inputs/pdq_subset_10/n02102040_n02102040_1592.jpeg,data/imagenette2-320/train/n03394916/n03394916_45969.JPEG
n02102040_n02102040_1592,pdq,collision_whitebox_pdq_exact_smoketest,n03394916_45969,c850018ebdc3cc3919beb9d18581072fbde1f00f03fc27a1fe36815e1beed8e1,49,4593.401,110.0,0.4296875,0.3828125,19.126264572143555,0.05882355570793152,0.945033609867096,0,./inputs/pdq_subset_10/n02102040_n02102040_1592.jpeg,data/imagenette2-320/train/n03394916/n03394916_45969.JPEG
n02102040_n02102040_1592,pdq,collision_whitebox_pdq_exact_smoketest,n03394916_45969,c850018ebdc3cc3919beb9d18581072fbde1f00f03fc27a1fe36815e1beed8e1,50,4694.847,110.0,0.4296875,0.3828125,19.439563751220703,0.0627450942993164,0.9439504742622375,0,./inputs/pdq_subset_10/n02102040_n02102040_1592.jpeg,data/imagenette2-320/train/n03394916/n03394916_45969.JPEG
